"","H2A.Z-Depleted","H2A.Z-Enriched","Other/NA"
"FALSE",0.99767261442979,0.992067833698031,0.989704835441652
"TRUE",0.00232738557020946,0.00793216630196937,0.0102951645583484
