"","gbM","TE-like methylation","Unmethylated"
"FALSE",0.995951035781544,0.994833948339483,0.985009422648621
"TRUE",0.00404896421845574,0.00516605166051661,0.0149905773513791
