"","gbM","mCHG","mCHH","Unmethylated"
"FALSE",0.998343685300207,0.985074626865672,1,0.988078735791517
"TRUE",0.00165631469979296,0.0149253731343284,0,0.0119212642084835
