"celltype","p_value"
"All",4.40204975606337e-20
"root cap tip",4.40204975606337e-20
